month,revenue,cogs,gross_profit,fixed_opex,variable_opex,base_payroll,hire_payroll,payroll,operating_expenses,operating_income,interest_expense,pretax_income,tax_accrual,net_income,customer_receipts,debt_draws,cash_inflows,supplier_payments,tax_payments,capex,debt_principal,cash_outflows,beginning_cash,cash_change,cash_change_before_financing,ending_cash,ending_ar,ending_ap,ending_tax_liability,ending_debt,trailing_average_burn,cash_runway_months,break_even_revenue,cash_reconciliation_difference,revenue_variance,operating_income_variance,ending_cash_variance,cash_change_variance
2027-01,86700.00,44217.00,42483.00,16000.00,5202.00,35000.00,0,35000.00,56202.00,-13719.00,250.00,-13969.00,0.00,-13969.00,47340.00,0,47340.00,36054.25,1000.00,0,1000.00,94506.25,100000.00,-47166.25,-47166.25,52833.75,84360.00,33162.75,0.00,29000.00,47166.25,1.12,118604.65,0.00,-15300.00,-12699.00,-22121.25,-22121.25
2027-02,92075.40,46958.45,45116.95,16000.00,5524.52,35000.00,0,35000.00,56524.52,-11407.57,250.00,-11657.57,0.00,-11657.57,68095.08,0,68095.08,44902.36,0.00,0,1000.00,102676.88,52833.75,-34581.80,-34581.80,18251.95,108340.32,35218.84,0.00,28000.00,40874.03,0.45,118604.65,0.00,-17004.60,-13856.77,-50643.75,-28522.50
2027-03,102612.92,52332.59,50280.33,16000.00,6156.78,35000.00,0,35000.00,57156.78,-6876.45,250.00,-7126.45,0.00,-7126.45,92032.74,0,92032.74,48301.99,0.00,18000.00,1000.00,124708.77,18251.95,-32676.03,-32676.03,-14424.08,118920.50,39249.44,0.00,27000.00,38141.36,0,118604.65,0.00,-19799.08,-15858.33,-67696.17,-17052.42
2027-04,102920.76,52489.59,50431.17,16000.00,6175.25,35000.00,0,35000.00,57175.25,-6744.08,250.00,-6994.08,0.00,-6994.08,98459.48,0,98459.48,52371.84,0.00,0,1000.00,110797.09,-14424.08,-12337.61,-12337.61,-26761.69,123381.78,39367.19,0.00,26000.00,26531.81,0,118604.65,0.00,-20715.36,-16325.78,-83631.37,-15935.20
2027-05,108390.99,55279.40,53111.59,16000.00,6503.46,35000.00,0,35000.00,57503.46,-4391.87,250.00,-4641.87,0.00,-4641.87,103891.67,0,103891.67,53187.04,0.00,0,1000.00,111940.50,-26761.69,-8048.83,-8048.83,-34810.52,127881.10,41459.55,0.00,25000.00,17687.49,0,118604.65,0.00,-22725.12,-17638.76,-99602.43,-15971.06
2027-06,113893.13,58085.50,55807.63,16000.00,6833.59,35000.00,0,35000.00,57833.59,-2025.96,250.00,-2275.96,0.00,-2275.96,107303.34,0,107303.34,55980.93,0.00,0,1000.00,115064.52,-34810.52,-7761.18,-7761.18,-42571.70,134470.89,43564.12,0.00,24000.00,9382.54,0,118604.65,0.00,-24840.20,-19005.29,-116998.03,-17395.60
2027-07,98657.33,50315.24,48342.09,16000.00,5919.44,35000.00,6500.00,41500.00,63419.44,-15077.35,250.00,-15327.35,0.00,-15327.35,108645.11,0,108645.11,56142.93,0.00,0,1000.00,120812.37,-42571.70,-12167.26,-12167.26,-54738.96,124483.11,37736.43,0.00,23000.00,9325.76,0,133720.93,0.00,-22355.97,-16873.86,-129494.00,-12495.97
2027-08,98953.31,50466.19,48487.12,16000.00,5937.20,35000.00,6500.00,41500.00,63437.20,-14950.08,250.00,-15200.08,0.00,-15200.08,104810.84,0,104810.84,50352.98,0.00,0,1000.00,115040.18,-54738.96,-10229.34,-10229.34,-64968.30,118625.58,37849.64,0.00,22000.00,10052.59,0,133720.93,0.00,-23270.12,-17339.56,-143779.86,-14285.86
2027-09,109697.55,55945.75,53751.80,16000.00,6581.85,35000.00,6500.00,41500.00,64081.85,-10330.05,250.00,-10580.05,0.00,-10580.05,100983.76,0,100983.76,51836.08,0.00,12000.00,1000.00,129167.93,-64968.30,-28184.17,-28184.17,-93152.47,127339.37,41959.31,0.00,21000.00,16860.26,0,133720.93,0.00,-26742.39,-19685.62,-163667.85,-19887.99
2027-10,115266.01,58785.67,56480.34,16000.00,6915.96,35000.00,6500.00,41500.00,64415.96,-7935.62,250.00,-8185.62,0.00,-8185.62,106513.55,0,106513.55,56655.73,0.00,0,1000.00,122321.69,-93152.47,-15808.14,-15808.14,-108960.61,136091.83,44089.25,0.00,20000.00,18073.88,0,133720.93,0.00,-29100.45,-21175.18,-184720.43,-21052.58
2027-11,110356.72,56281.93,54074.79,16000.00,6621.40,35000.00,6500.00,41500.00,64121.40,-10046.61,250.00,-10296.61,0.00,-10296.61,112056.76,0,112056.76,58159.73,0.00,0,1000.00,123531.13,-108960.61,-11474.37,-11474.37,-120434.98,134391.79,42211.45,0.00,19000.00,18488.89,0,133720.93,0.00,-28825.67,-20745.98,-202821.77,-18101.34
2027-12,105416.95,53762.64,51654.31,16000.00,6325.02,35000.00,6500.00,41500.00,63825.02,-12170.71,250.00,-12420.71,0.00,-12420.71,111332.49,0,111332.49,55652.11,0.00,0,1000.00,120727.13,-120434.98,-9394.64,-9394.64,-129829.62,128476.25,40321.98,0.00,18000.00,12225.72,0,133720.93,0.00,-28463.25,-20272.01,-219406.49,-16584.72
